<?xml version="1.0" encoding="UTF-8"?>
<project-private xmlns="http://www.netbeans.org/ns/project-private/1">
    <editor-bookmarks xmlns="http://www.netbeans.org/ns/editor-bookmarks/2" lastBookmarkId="0"/>
    <open-files xmlns="http://www.netbeans.org/ns/projectui-open-files/2">
        <group>
            <file>file:/C:/Users/jmcmo/Desktop/CSCI366OnlineGamingStore/src/csci366onlinegamingstore/Dao.java</file>
            <file>file:/C:/Users/jmcmo/Desktop/CSCI366OnlineGamingStore/src/csci366onlinegamingstore/CSCI366OnlineGamingStore.java</file>
            <file>file:/C:/Users/jmcmo/Desktop/CSCI366OnlineGamingStore/src/csci366onlinegamingstore/Customer.java</file>
            <file>file:/C:/Users/jmcmo/Desktop/CSCI366OnlineGamingStore/src/csci366onlinegamingstore/Subtypes.java</file>
            <file>file:/C:/Users/jmcmo/Desktop/CSCI366OnlineGamingStore/src/csci366onlinegamingstore/Orders.java</file>
            <file>file:/C:/Users/jmcmo/Desktop/CSCI366OnlineGamingStore/src/csci366onlinegamingstore/Product.java</file>
            <file>file:/C:/Users/jmcmo/Desktop/CSCI366OnlineGamingStore/src/csci366onlinegamingstore/Review.java</file>
            <file>file:/C:/Users/jmcmo/Desktop/CSCI366OnlineGamingStore/src/csci366onlinegamingstore/Product_order.java</file>
        </group>
    </open-files>
</project-private>
